<?xml version="1.0" encoding="UTF-8"?>
<component name="eQube6.0"><component name="WAR"><group name="SECURITY_FIPS"><property name="SECURITYFIPS_JCE_PROVIDER_CLASS"><value text="" /></property><property name="SECURITYFIPS_ENABLE_FIPS"><value text="false" /></property></group><group name="LICENSE_SERVER"><property name="HOST_NAME"><value text="localhost" /></property><property name="UNSECURE"><value text="true" /></property><property name="SECURE"><value text="false" /></property><property name="PORT_NUMBER"><value text="8888" /></property><property name="SECURE_CONNECTION"><value text="N" /></property><property name="LICENSE_PATH"><value text="Z:/C/install/tc/Lic" /></property></group></component><property name="OUTPUT_DIRECTORY"><value text="c:/Siemens/TcRA/war" /></property></component>
